frequency,raw,error,smoothed,error_smoothed,equalization,equalized_raw,equalized_smoothed,target
20.00,-17.49,-13.06,-17.49,-13.06,13.06,-4.43,-4.43,-4.43
20.20,-17.49,-13.06,-17.49,-13.06,13.06,-4.43,-4.43,-4.43
20.40,-17.49,-13.06,-17.49,-13.06,13.06,-4.43,-4.43,-4.43
20.61,-17.49,-13.06,-17.49,-13.06,13.06,-4.43,-4.43,-4.43
20.81,-17.49,-13.06,-17.49,-13.06,13.06,-4.43,-4.43,-4.43
21.02,-17.49,-13.06,-17.49,-13.06,13.06,-4.43,-4.43,-4.43
21.23,-17.49,-13.06,-17.49,-13.06,13.06,-4.43,-4.43,-4.43
21.44,-17.49,-13.06,-17.49,-13.06,13.06,-4.43,-4.43,-4.43
21.66,-17.49,-13.06,-17.49,-13.06,13.06,-4.43,-4.43,-4.43
21.87,-17.49,-13.06,-17.49,-13.06,13.06,-4.43,-4.43,-4.43
22.09,-17.49,-13.06,-17.49,-13.06,13.06,-4.43,-4.43,-4.43
22.31,-17.49,-13.06,-17.49,-13.06,13.06,-4.43,-4.43,-4.43
22.54,-17.49,-13.06,-17.49,-13.06,13.06,-4.43,-4.43,-4.43
22.76,-17.49,-13.06,-17.49,-13.06,13.06,-4.43,-4.43,-4.43
22.99,-17.49,-13.06,-17.49,-13.06,13.06,-4.43,-4.43,-4.43
23.22,-17.49,-13.06,-17.49,-13.06,13.06,-4.43,-4.43,-4.43
23.45,-17.49,-13.06,-17.49,-13.06,13.06,-4.43,-4.43,-4.43
23.69,-17.49,-13.06,-17.49,-13.06,13.06,-4.43,-4.43,-4.43
23.92,-17.49,-13.06,-17.49,-13.06,13.06,-4.43,-4.43,-4.43
24.16,-17.49,-13.06,-17.49,-13.06,13.06,-4.43,-4.43,-4.43
24.40,-17.49,-13.06,-17.49,-13.06,13.06,-4.43,-4.43,-4.43
24.65,-17.49,-13.06,-17.49,-13.06,13.06,-4.43,-4.43,-4.43
24.89,-17.49,-13.06,-17.49,-13.06,13.06,-4.43,-4.43,-4.43
25.14,-17.49,-13.06,-17.49,-13.06,13.06,-4.43,-4.43,-4.43
25.39,-17.49,-13.06,-17.49,-13.06,13.06,-4.43,-4.43,-4.43
25.65,-17.49,-13.06,-17.49,-13.06,13.06,-4.43,-4.43,-4.43
25.91,-17.49,-13.06,-17.49,-13.06,13.06,-4.43,-4.43,-4.43
26.16,-17.49,-13.06,-17.49,-13.06,13.06,-4.43,-4.43,-4.43
26.43,-17.49,-13.06,-17.49,-13.06,13.06,-4.43,-4.43,-4.43
26.69,-17.49,-13.06,-17.49,-13.06,13.06,-4.43,-4.43,-4.43
26.96,-17.49,-13.06,-17.49,-13.06,13.06,-4.43,-4.43,-4.43
27.23,-17.49,-13.06,-17.49,-13.06,13.06,-4.43,-4.43,-4.43
27.50,-17.49,-13.06,-17.49,-13.06,13.06,-4.43,-4.43,-4.43
27.77,-17.49,-13.06,-17.49,-13.06,13.06,-4.43,-4.43,-4.43
28.05,-17.49,-13.06,-17.49,-13.06,13.06,-4.43,-4.43,-4.43
28.33,-17.49,-13.06,-17.49,-13.06,13.06,-4.43,-4.43,-4.43
28.62,-17.49,-13.06,-17.49,-13.06,13.06,-4.43,-4.43,-4.43
28.90,-17.49,-13.06,-17.49,-13.06,13.06,-4.43,-4.43,-4.43
29.19,-17.49,-13.06,-17.49,-13.06,13.06,-4.43,-4.43,-4.43
29.48,-17.49,-13.06,-17.49,-13.06,13.06,-4.43,-4.43,-4.43
29.78,-17.49,-13.06,-17.49,-13.06,13.06,-4.43,-4.43,-4.43
30.08,-17.49,-13.06,-17.49,-13.06,13.06,-4.43,-4.43,-4.43
30.38,-17.49,-13.06,-17.49,-13.06,13.06,-4.43,-4.43,-4.43
30.68,-17.49,-13.06,-17.49,-13.06,13.06,-4.43,-4.43,-4.43
30.99,-17.49,-13.06,-17.49,-13.06,13.06,-4.43,-4.43,-4.43
31.30,-17.49,-13.06,-17.49,-13.06,13.06,-4.43,-4.43,-4.43
31.61,-17.49,-13.06,-17.49,-13.06,13.06,-4.43,-4.43,-4.43
31.93,-17.49,-13.06,-17.49,-13.06,13.06,-4.43,-4.43,-4.43
32.24,-17.49,-13.06,-17.49,-13.06,13.06,-4.43,-4.43,-4.43
32.57,-17.49,-13.06,-17.49,-13.06,13.06,-4.43,-4.43,-4.43
32.89,-17.49,-13.06,-17.49,-13.06,13.06,-4.43,-4.43,-4.43
33.22,-17.49,-13.06,-17.49,-13.06,13.06,-4.43,-4.43,-4.43
33.55,-17.49,-13.06,-17.49,-13.06,13.06,-4.43,-4.43,-4.43
33.89,-17.49,-13.06,-17.49,-13.06,13.06,-4.43,-4.43,-4.43
34.23,-17.49,-13.06,-17.49,-13.06,13.06,-4.43,-4.43,-4.43
34.57,-17.49,-13.06,-17.49,-13.06,13.06,-4.43,-4.43,-4.43
34.92,-17.49,-13.06,-17.49,-13.06,13.06,-4.43,-4.43,-4.43
35.27,-17.49,-13.06,-17.49,-13.06,13.06,-4.43,-4.43,-4.43
35.62,-17.49,-13.06,-17.49,-13.06,13.06,-4.43,-4.43,-4.43
35.97,-17.49,-13.06,-17.49,-13.06,13.06,-4.43,-4.43,-4.43
36.33,-17.49,-13.06,-17.49,-13.06,13.06,-4.43,-4.43,-4.43
36.70,-17.49,-13.06,-17.49,-13.06,13.06,-4.43,-4.43,-4.43
37.06,-17.49,-13.06,-17.49,-13.06,13.06,-4.43,-4.43,-4.43
37.43,-17.49,-13.06,-17.49,-13.06,13.06,-4.43,-4.43,-4.43
37.81,-17.49,-13.06,-17.49,-13.06,13.06,-4.43,-4.43,-4.43
38.19,-17.49,-13.06,-17.49,-13.06,13.06,-4.43,-4.43,-4.43
38.57,-17.49,-13.06,-17.49,-13.06,13.06,-4.43,-4.43,-4.43
38.95,-17.49,-13.06,-17.49,-13.06,13.06,-4.43,-4.43,-4.43
39.34,-17.49,-13.06,-17.49,-13.06,13.06,-4.43,-4.43,-4.43
39.74,-17.49,-13.06,-17.49,-13.06,13.06,-4.43,-4.43,-4.43
40.14,-17.49,-13.06,-17.49,-13.06,13.06,-4.43,-4.43,-4.43
40.54,-17.49,-13.06,-17.49,-13.06,13.06,-4.43,-4.43,-4.43
40.94,-17.49,-13.06,-17.49,-13.06,13.06,-4.43,-4.43,-4.43
41.35,-17.49,-13.06,-17.49,-13.06,13.06,-4.43,-4.43,-4.43
41.76,-17.49,-13.06,-17.49,-13.06,13.06,-4.43,-4.43,-4.43
42.18,-17.49,-13.06,-17.49,-13.06,13.06,-4.43,-4.43,-4.43
42.60,-17.49,-13.06,-17.49,-13.06,13.06,-4.43,-4.43,-4.43
43.03,-17.49,-13.06,-17.49,-13.06,13.06,-4.43,-4.43,-4.43
43.46,-17.49,-13.06,-17.49,-13.06,13.06,-4.43,-4.43,-4.43
43.90,-17.49,-13.06,-17.49,-13.06,13.06,-4.43,-4.43,-4.43
44.33,-17.49,-13.06,-17.49,-13.06,13.06,-4.43,-4.43,-4.43
44.78,-17.49,-13.06,-17.49,-13.06,13.06,-4.43,-4.43,-4.43
45.23,-17.49,-13.06,-17.49,-13.06,13.06,-4.43,-4.43,-4.43
45.68,-17.49,-13.06,-17.49,-13.06,13.06,-4.43,-4.43,-4.43
46.13,-17.49,-13.06,-17.49,-13.06,13.06,-4.43,-4.43,-4.43
46.60,-17.49,-13.06,-17.49,-13.06,13.06,-4.43,-4.43,-4.43
47.06,-17.49,-13.06,-17.49,-13.06,13.06,-4.43,-4.43,-4.43
47.53,-17.49,-13.06,-17.49,-13.06,13.06,-4.43,-4.43,-4.43
48.01,-17.49,-13.06,-17.49,-13.06,13.06,-4.43,-4.43,-4.43
48.49,-17.49,-13.06,-17.49,-13.06,13.06,-4.43,-4.43,-4.43
48.97,-17.49,-13.06,-17.49,-13.06,13.06,-4.43,-4.43,-4.43
49.46,-17.49,-13.06,-17.49,-13.06,13.06,-4.43,-4.43,-4.43
49.96,-17.49,-13.06,-17.49,-13.06,13.06,-4.43,-4.43,-4.43
50.46,-17.49,-13.06,-17.49,-13.06,13.06,-4.43,-4.43,-4.43
50.96,-17.49,-13.06,-17.49,-13.06,13.06,-4.43,-4.43,-4.43
51.47,-17.49,-13.06,-17.49,-13.06,13.06,-4.43,-4.43,-4.43
51.99,-17.49,-13.06,-17.49,-13.06,13.06,-4.43,-4.43,-4.43
52.51,-17.49,-13.06,-17.49,-13.06,13.06,-4.43,-4.43,-4.43
53.03,-17.49,-13.06,-17.49,-13.06,13.06,-4.43,-4.43,-4.43
53.56,-17.49,-13.06,-17.49,-13.06,13.06,-4.43,-4.43,-4.43
54.10,-17.49,-13.06,-17.49,-13.06,13.06,-4.43,-4.43,-4.43
54.64,-17.49,-13.06,-17.49,-13.06,13.06,-4.43,-4.43,-4.43
55.18,-17.49,-13.06,-17.49,-13.06,13.06,-4.43,-4.43,-4.43
55.74,-17.49,-13.06,-17.49,-13.06,13.06,-4.43,-4.43,-4.43
56.29,-17.49,-13.06,-17.49,-13.06,13.06,-4.43,-4.43,-4.43
56.86,-17.49,-13.06,-17.49,-13.06,13.06,-4.43,-4.43,-4.43
57.42,-17.49,-13.06,-17.49,-13.06,13.06,-4.43,-4.43,-4.43
58.00,-17.49,-13.06,-17.49,-13.06,13.06,-4.43,-4.43,-4.43
58.58,-17.49,-13.06,-17.49,-13.06,13.06,-4.43,-4.43,-4.43
59.16,-17.49,-13.06,-17.49,-13.06,13.06,-4.43,-4.43,-4.43
59.76,-17.49,-13.06,-17.49,-13.06,13.06,-4.43,-4.43,-4.43
60.35,-17.49,-13.06,-17.49,-13.06,13.06,-4.43,-4.43,-4.43
60.96,-17.49,-13.06,-17.49,-13.06,13.06,-4.43,-4.43,-4.43
61.57,-17.49,-13.06,-17.49,-13.06,13.06,-4.43,-4.43,-4.43
62.18,-17.49,-13.06,-17.49,-13.06,13.06,-4.43,-4.43,-4.43
62.80,-17.49,-13.06,-17.49,-13.06,13.06,-4.43,-4.43,-4.43
63.43,-17.49,-13.06,-17.49,-13.06,13.06,-4.43,-4.43,-4.43
64.07,-17.49,-13.06,-17.49,-13.06,13.06,-4.43,-4.43,-4.43
64.71,-17.49,-13.06,-17.49,-13.06,13.06,-4.43,-4.43,-4.43
65.35,-17.49,-13.06,-17.49,-13.06,13.06,-4.43,-4.43,-4.43
66.01,-17.49,-13.06,-17.49,-13.06,13.06,-4.43,-4.43,-4.43
66.67,-17.49,-13.06,-17.49,-13.06,13.06,-4.43,-4.43,-4.43
67.33,-17.49,-13.06,-17.49,-13.06,13.06,-4.43,-4.43,-4.43
68.01,-17.49,-13.06,-17.49,-13.06,13.06,-4.43,-4.43,-4.43
68.69,-17.49,-13.06,-17.49,-13.06,13.06,-4.43,-4.43,-4.43
69.37,-17.49,-13.06,-17.49,-13.06,13.06,-4.43,-4.43,-4.43
70.07,-17.49,-13.06,-17.49,-13.06,13.06,-4.43,-4.43,-4.43
70.77,-17.49,-13.06,-17.49,-13.06,13.06,-4.43,-4.43,-4.43
71.48,-17.49,-13.06,-17.49,-13.06,13.06,-4.43,-4.43,-4.43
72.19,-17.49,-13.06,-17.49,-13.06,13.06,-4.43,-4.43,-4.43
72.91,-17.49,-13.06,-17.49,-13.06,13.06,-4.43,-4.43,-4.43
73.64,-17.49,-13.06,-17.49,-13.06,13.06,-4.43,-4.43,-4.43
74.38,-17.49,-13.06,-17.49,-13.06,13.06,-4.43,-4.43,-4.43
75.12,-17.49,-13.06,-17.49,-13.06,13.06,-4.43,-4.43,-4.43
75.87,-17.49,-13.06,-17.49,-13.06,13.06,-4.43,-4.43,-4.43
76.63,-17.49,-13.06,-17.49,-13.06,13.06,-4.43,-4.43,-4.43
77.40,-17.49,-13.06,-17.49,-13.06,13.06,-4.43,-4.43,-4.43
78.17,-17.49,-13.06,-17.49,-13.06,13.06,-4.43,-4.43,-4.43
78.95,-17.49,-13.06,-17.49,-13.06,13.06,-4.43,-4.43,-4.43
79.74,-17.49,-13.06,-17.49,-13.06,13.06,-4.43,-4.43,-4.43
80.54,-17.49,-13.06,-17.49,-13.06,13.06,-4.43,-4.43,-4.43
81.35,-17.49,-13.06,-17.49,-13.06,13.06,-4.43,-4.43,-4.43
82.16,-17.49,-13.06,-17.49,-13.06,13.06,-4.43,-4.43,-4.43
82.98,-17.49,-13.06,-17.49,-13.06,13.06,-4.43,-4.43,-4.43
83.81,-17.49,-13.06,-17.49,-13.06,13.06,-4.43,-4.43,-4.43
84.65,-17.49,-13.06,-17.49,-13.06,13.06,-4.43,-4.43,-4.43
85.50,-17.49,-13.06,-17.49,-13.06,13.06,-4.43,-4.43,-4.43
86.35,-17.49,-13.06,-17.49,-13.06,13.06,-4.43,-4.43,-4.43
87.22,-17.49,-13.06,-17.49,-13.06,13.06,-4.43,-4.43,-4.43
88.09,-17.49,-13.06,-17.49,-13.06,13.06,-4.43,-4.43,-4.43
88.97,-17.49,-13.06,-17.49,-13.06,13.06,-4.43,-4.43,-4.43
89.86,-17.49,-13.06,-17.49,-13.06,13.06,-4.43,-4.43,-4.43
90.76,-17.49,-13.06,-17.49,-13.06,13.06,-4.43,-4.43,-4.43
91.66,-17.49,-13.06,-17.49,-13.06,13.06,-4.43,-4.43,-4.43
92.58,-17.49,-13.06,-17.49,-13.06,13.06,-4.43,-4.43,-4.43
93.51,-17.49,-13.06,-17.49,-13.06,13.06,-4.43,-4.43,-4.43
94.44,-17.49,-13.06,-17.49,-13.06,13.06,-4.43,-4.43,-4.43
95.39,-17.49,-13.06,-17.49,-13.06,13.06,-4.43,-4.43,-4.43
96.34,-17.49,-13.06,-17.49,-13.06,13.06,-4.43,-4.43,-4.43
97.30,-17.49,-13.06,-17.49,-13.06,13.06,-4.43,-4.43,-4.43
98.28,-17.49,-13.06,-17.49,-13.06,13.06,-4.43,-4.43,-4.43
99.26,-17.49,-13.06,-17.49,-13.06,13.06,-4.43,-4.43,-4.43
100.25,-17.49,-13.06,-17.49,-13.06,13.06,-4.43,-4.43,-4.43
101.25,-17.49,-13.06,-17.49,-13.06,13.06,-4.43,-4.43,-4.43
102.27,-17.49,-13.06,-17.49,-13.06,13.06,-4.43,-4.43,-4.43
103.29,-17.49,-13.06,-17.49,-13.06,13.06,-4.43,-4.43,-4.43
104.32,-17.49,-13.06,-17.49,-13.06,13.06,-4.43,-4.43,-4.43
105.37,-17.49,-13.06,-17.49,-13.06,13.06,-4.43,-4.43,-4.43
106.42,-17.49,-13.06,-17.49,-13.06,13.06,-4.43,-4.43,-4.43
107.48,-17.49,-13.06,-17.49,-13.06,13.06,-4.43,-4.43,-4.43
108.56,-17.49,-13.06,-17.49,-13.06,13.06,-4.43,-4.43,-4.43
109.64,-17.49,-13.06,-17.49,-13.06,13.06,-4.43,-4.43,-4.43
110.74,-17.49,-13.06,-17.49,-13.06,13.06,-4.43,-4.43,-4.43
111.85,-17.49,-13.06,-17.49,-13.06,13.06,-4.43,-4.43,-4.43
112.97,-17.49,-13.06,-17.49,-13.06,13.06,-4.43,-4.43,-4.43
114.10,-17.49,-13.06,-17.49,-13.06,13.06,-4.43,-4.43,-4.43
115.24,-17.49,-13.06,-17.49,-13.06,13.06,-4.43,-4.43,-4.43
116.39,-17.49,-13.06,-17.49,-13.06,13.06,-4.43,-4.43,-4.43
117.55,-17.49,-13.06,-17.49,-13.06,13.06,-4.43,-4.43,-4.43
118.73,-17.49,-13.06,-17.49,-13.06,13.06,-4.43,-4.43,-4.43
119.92,-17.49,-13.06,-17.49,-13.06,13.06,-4.43,-4.43,-4.43
121.12,-17.49,-13.06,-17.49,-13.06,13.06,-4.43,-4.43,-4.43
122.33,-17.49,-13.06,-17.49,-13.06,13.06,-4.43,-4.43,-4.43
123.55,-17.49,-13.06,-17.49,-13.06,13.06,-4.43,-4.43,-4.43
124.79,-17.49,-13.06,-17.49,-13.06,13.06,-4.43,-4.43,-4.43
126.03,-17.49,-13.06,-17.49,-13.06,13.06,-4.43,-4.43,-4.43
127.29,-17.49,-13.06,-17.49,-13.06,13.06,-4.43,-4.43,-4.43
128.57,-17.49,-13.06,-17.49,-13.06,13.06,-4.43,-4.43,-4.43
129.85,-17.49,-13.06,-17.49,-13.06,13.06,-4.43,-4.43,-4.43
131.15,-17.49,-13.06,-17.49,-13.06,13.06,-4.43,-4.43,-4.43
132.46,-17.49,-13.06,-17.49,-13.06,13.06,-4.43,-4.43,-4.43
133.79,-17.49,-13.06,-17.49,-13.06,13.06,-4.43,-4.43,-4.43
135.12,-17.49,-13.06,-17.49,-13.06,13.06,-4.43,-4.43,-4.43
136.48,-17.49,-13.06,-17.49,-13.06,13.06,-4.43,-4.43,-4.43
137.84,-17.49,-13.06,-17.49,-13.06,13.06,-4.43,-4.43,-4.43
139.22,-17.49,-13.06,-17.49,-13.06,13.06,-4.43,-4.43,-4.43
140.61,-17.49,-13.06,-17.49,-13.06,13.06,-4.43,-4.43,-4.43
142.02,-17.49,-13.06,-17.49,-13.06,13.06,-4.43,-4.43,-4.43
143.44,-17.49,-13.06,-17.49,-13.06,13.06,-4.43,-4.43,-4.43
144.87,-17.49,-13.06,-17.49,-13.06,13.06,-4.43,-4.43,-4.43
146.32,-17.49,-13.06,-17.49,-13.06,13.06,-4.43,-4.43,-4.43
147.78,-17.49,-13.06,-17.49,-13.06,13.06,-4.43,-4.43,-4.43
149.26,-17.49,-13.06,-17.49,-13.06,13.06,-4.43,-4.43,-4.43
150.75,-17.49,-13.06,-17.49,-13.06,13.06,-4.43,-4.43,-4.43
152.26,-17.49,-13.06,-17.49,-13.06,13.06,-4.43,-4.43,-4.43
153.78,-17.49,-13.06,-17.49,-13.06,13.06,-4.43,-4.43,-4.43
155.32,-17.49,-13.06,-17.49,-13.06,13.06,-4.43,-4.43,-4.43
156.88,-17.49,-13.06,-17.49,-13.06,13.06,-4.43,-4.43,-4.43
158.44,-17.49,-13.06,-17.49,-13.06,13.06,-4.43,-4.43,-4.43
160.03,-17.49,-13.06,-17.49,-13.06,13.06,-4.43,-4.43,-4.43
161.63,-17.49,-13.06,-17.49,-13.06,13.06,-4.43,-4.43,-4.43
163.24,-17.49,-13.06,-17.49,-13.06,13.06,-4.43,-4.43,-4.43
164.88,-17.49,-13.06,-17.49,-13.06,13.06,-4.43,-4.43,-4.43
166.53,-17.49,-13.06,-17.49,-13.06,13.06,-4.43,-4.43,-4.43
168.19,-17.49,-13.06,-17.49,-13.06,13.06,-4.43,-4.43,-4.43
169.87,-17.49,-13.06,-17.49,-13.06,13.06,-4.43,-4.43,-4.43
171.57,-17.49,-13.06,-17.49,-13.06,13.06,-4.43,-4.43,-4.43
173.29,-17.49,-13.06,-17.49,-13.06,13.06,-4.43,-4.43,-4.43
175.02,-17.49,-13.06,-17.49,-13.06,13.06,-4.43,-4.43,-4.43
176.77,-17.49,-13.06,-17.49,-13.06,13.06,-4.43,-4.43,-4.43
178.54,-17.49,-13.06,-17.49,-13.06,13.06,-4.43,-4.43,-4.43
180.32,-17.49,-13.06,-17.49,-13.06,13.06,-4.43,-4.43,-4.43
182.13,-17.49,-13.06,-17.49,-13.06,13.06,-4.43,-4.43,-4.43
183.95,-17.49,-13.06,-17.49,-13.06,13.06,-4.43,-4.43,-4.43
185.79,-17.49,-13.06,-17.49,-13.06,13.06,-4.43,-4.43,-4.43
187.65,-17.49,-13.06,-17.49,-13.06,13.06,-4.43,-4.43,-4.43
189.52,-17.49,-13.06,-17.49,-13.06,13.06,-4.43,-4.43,-4.43
191.42,-17.49,-13.06,-17.49,-13.06,13.06,-4.43,-4.43,-4.43
193.33,-17.49,-13.06,-17.49,-13.06,13.06,-4.43,-4.43,-4.43
195.27,-17.49,-13.06,-17.49,-13.06,13.06,-4.43,-4.43,-4.43
197.22,-17.49,-13.06,-17.49,-13.06,13.06,-4.43,-4.43,-4.43
199.19,-17.49,-13.06,-17.49,-13.06,13.06,-4.43,-4.43,-4.43
201.18,-17.49,-13.06,-17.49,-13.06,13.06,-4.43,-4.43,-4.43
203.19,-17.49,-13.06,-17.49,-13.06,13.06,-4.43,-4.43,-4.43
205.23,-17.49,-13.06,-17.49,-13.06,13.06,-4.43,-4.43,-4.43
207.28,-17.49,-13.06,-17.49,-13.06,13.06,-4.43,-4.43,-4.43
209.35,-17.49,-13.06,-17.49,-13.06,13.06,-4.43,-4.43,-4.43
211.44,-17.49,-13.06,-17.49,-13.06,13.06,-4.43,-4.43,-4.43
213.56,-17.49,-13.06,-17.49,-13.06,13.06,-4.43,-4.43,-4.43
215.69,-17.49,-13.06,-17.49,-13.06,13.06,-4.43,-4.43,-4.43
217.85,-17.49,-13.06,-17.49,-13.06,13.06,-4.43,-4.43,-4.43
220.03,-17.49,-13.06,-17.49,-13.06,13.06,-4.43,-4.43,-4.43
222.23,-17.49,-13.06,-17.49,-13.06,13.06,-4.43,-4.43,-4.43
224.45,-17.49,-13.06,-17.49,-13.06,13.06,-4.43,-4.43,-4.43
226.70,-17.49,-13.06,-17.49,-13.06,13.06,-4.43,-4.43,-4.43
228.96,-17.49,-13.06,-17.49,-13.06,13.06,-4.43,-4.43,-4.43
231.25,-17.49,-13.06,-17.49,-13.06,13.06,-4.43,-4.43,-4.43
233.57,-17.49,-13.06,-17.49,-13.06,13.06,-4.43,-4.43,-4.43
235.90,-17.49,-13.06,-17.49,-13.06,13.06,-4.43,-4.43,-4.43
238.26,-17.49,-13.06,-17.49,-13.06,13.06,-4.43,-4.43,-4.43
240.64,-17.49,-13.06,-17.49,-13.06,13.06,-4.43,-4.43,-4.43
243.05,-17.49,-13.06,-17.49,-13.06,13.06,-4.43,-4.43,-4.43
245.48,-17.49,-13.06,-17.49,-13.06,13.06,-4.43,-4.43,-4.43
247.93,-17.49,-13.06,-17.49,-13.06,13.06,-4.43,-4.43,-4.43
250.41,-17.49,-13.06,-17.49,-13.06,13.06,-4.43,-4.43,-4.43
252.92,-17.49,-13.06,-17.49,-13.06,13.06,-4.43,-4.43,-4.43
255.45,-17.49,-13.06,-17.49,-13.06,13.06,-4.43,-4.43,-4.43
258.00,-17.49,-13.06,-17.49,-13.06,13.06,-4.43,-4.43,-4.43
260.58,-17.49,-13.06,-17.49,-13.06,13.06,-4.43,-4.43,-4.43
263.19,-17.49,-13.06,-17.49,-13.06,13.06,-4.43,-4.43,-4.43
265.82,-17.49,-13.06,-17.49,-13.06,13.06,-4.43,-4.43,-4.43
268.48,-17.49,-13.06,-17.49,-13.06,13.06,-4.43,-4.43,-4.43
271.16,-17.49,-13.06,-17.49,-13.06,13.06,-4.43,-4.43,-4.43
273.87,-17.49,-13.06,-17.49,-13.06,13.06,-4.43,-4.43,-4.43
276.61,-17.49,-13.06,-17.49,-13.06,13.06,-4.43,-4.43,-4.43
279.38,-17.49,-13.06,-17.49,-13.06,13.06,-4.43,-4.43,-4.43
282.17,-17.32,-12.89,-17.32,-12.89,12.89,-4.43,-4.43,-4.43
284.99,-17.06,-12.63,-17.06,-12.63,12.63,-4.43,-4.43,-4.43
287.84,-16.80,-12.37,-16.80,-12.37,12.37,-4.43,-4.43,-4.43
290.72,-16.54,-12.11,-16.54,-12.11,12.11,-4.43,-4.43,-4.43
293.63,-16.30,-11.87,-16.30,-11.87,11.87,-4.43,-4.43,-4.43
296.57,-16.08,-11.65,-16.08,-11.65,11.65,-4.43,-4.43,-4.43
299.53,-15.87,-11.44,-15.87,-11.44,11.44,-4.43,-4.43,-4.43
302.53,-15.68,-11.25,-15.68,-11.25,11.25,-4.43,-4.43,-4.43
305.55,-15.48,-11.05,-15.48,-11.05,11.05,-4.43,-4.43,-4.43
308.61,-15.28,-10.85,-15.28,-10.85,10.85,-4.43,-4.43,-4.43
311.69,-15.06,-10.63,-15.06,-10.63,10.63,-4.43,-4.43,-4.43
314.81,-14.84,-10.41,-14.84,-10.41,10.41,-4.43,-4.43,-4.43
317.96,-14.59,-10.16,-14.59,-10.16,10.16,-4.43,-4.43,-4.43
321.14,-14.35,-9.92,-14.35,-9.92,9.92,-4.43,-4.43,-4.43
324.35,-14.10,-9.67,-14.10,-9.67,9.67,-4.43,-4.43,-4.43
327.59,-13.88,-9.45,-13.88,-9.45,9.45,-4.43,-4.43,-4.43
330.87,-13.67,-9.24,-13.67,-9.24,9.24,-4.43,-4.43,-4.43
334.18,-13.49,-9.06,-13.49,-9.06,9.06,-4.43,-4.43,-4.43
337.52,-13.31,-8.88,-13.31,-8.88,8.88,-4.43,-4.43,-4.43
340.90,-13.13,-8.70,-13.13,-8.70,8.70,-4.43,-4.43,-4.43
344.30,-12.93,-8.50,-12.93,-8.50,8.50,-4.43,-4.43,-4.43
347.75,-12.71,-8.28,-12.71,-8.28,8.28,-4.43,-4.43,-4.43
351.23,-12.47,-8.04,-12.47,-8.04,8.04,-4.43,-4.43,-4.43
354.74,-12.23,-7.80,-12.23,-7.80,7.80,-4.43,-4.43,-4.43
358.28,-12.01,-7.58,-12.01,-7.58,7.58,-4.43,-4.43,-4.43
361.87,-11.84,-7.41,-11.84,-7.41,7.41,-4.43,-4.43,-4.43
365.49,-11.71,-7.28,-11.71,-7.28,7.28,-4.43,-4.43,-4.43
369.14,-11.60,-7.17,-11.60,-7.17,7.17,-4.43,-4.43,-4.43
372.83,-11.50,-7.07,-11.50,-7.07,7.07,-4.43,-4.43,-4.43
376.56,-11.37,-6.94,-11.37,-6.94,6.94,-4.43,-4.43,-4.43
380.33,-11.20,-6.77,-11.20,-6.77,6.77,-4.43,-4.43,-4.43
384.13,-11.00,-6.57,-11.00,-6.57,6.57,-4.43,-4.43,-4.43
387.97,-10.78,-6.35,-10.78,-6.35,6.35,-4.43,-4.43,-4.43
391.85,-10.60,-6.17,-10.60,-6.17,6.17,-4.43,-4.43,-4.43
395.77,-10.46,-6.03,-10.46,-6.03,6.03,-4.43,-4.43,-4.43
399.73,-10.37,-5.94,-10.37,-5.94,5.94,-4.43,-4.43,-4.43
403.72,-10.29,-5.86,-10.29,-5.86,5.86,-4.43,-4.43,-4.43
407.76,-10.18,-5.75,-10.18,-5.75,5.75,-4.43,-4.43,-4.43
411.84,-10.01,-5.58,-10.01,-5.58,5.58,-4.43,-4.43,-4.43
415.96,-9.77,-5.34,-9.77,-5.34,5.34,-4.43,-4.43,-4.43
420.12,-9.50,-5.07,-9.50,-5.07,5.07,-4.43,-4.43,-4.43
424.32,-9.24,-4.81,-9.24,-4.81,4.81,-4.43,-4.43,-4.43
428.56,-9.05,-4.62,-9.05,-4.62,4.62,-4.43,-4.43,-4.43
432.85,-8.92,-4.49,-8.92,-4.49,4.49,-4.43,-4.43,-4.43
437.18,-8.82,-4.39,-8.82,-4.39,4.39,-4.43,-4.43,-4.43
441.55,-8.70,-4.27,-8.70,-4.27,4.27,-4.43,-4.43,-4.43
445.96,-8.52,-4.09,-8.52,-4.09,4.09,-4.43,-4.43,-4.43
450.42,-8.30,-3.87,-8.30,-3.87,3.87,-4.43,-4.43,-4.43
454.93,-8.08,-3.65,-8.08,-3.65,3.65,-4.43,-4.43,-4.43
459.48,-7.89,-3.46,-7.89,-3.46,3.46,-4.43,-4.43,-4.43
464.07,-7.74,-3.31,-7.74,-3.31,3.31,-4.43,-4.43,-4.43
468.71,-7.61,-3.18,-7.61,-3.18,3.18,-4.43,-4.43,-4.43
473.40,-7.45,-3.02,-7.45,-3.02,3.02,-4.43,-4.43,-4.43
478.13,-7.25,-2.82,-7.25,-2.82,2.82,-4.43,-4.43,-4.43
482.91,-7.02,-2.59,-7.02,-2.59,2.59,-4.43,-4.43,-4.43
487.74,-6.79,-2.36,-6.79,-2.36,2.36,-4.43,-4.43,-4.43
492.62,-6.58,-2.15,-6.58,-2.15,2.15,-4.43,-4.43,-4.43
497.55,-6.38,-1.95,-6.38,-1.95,1.95,-4.43,-4.43,-4.43
502.52,-6.15,-1.72,-6.15,-1.72,1.72,-4.43,-4.43,-4.43
507.55,-5.85,-1.42,-5.85,-1.42,1.42,-4.43,-4.43,-4.43
512.62,-5.51,-1.08,-5.51,-1.08,1.08,-4.43,-4.43,-4.43
517.75,-5.17,-0.74,-5.17,-0.74,0.74,-4.43,-4.43,-4.43
522.93,-4.89,-0.46,-4.89,-0.46,0.46,-4.43,-4.43,-4.43
528.16,-4.68,-0.25,-4.68,-0.25,0.25,-4.43,-4.43,-4.43
533.44,-4.51,-0.08,-4.51,-0.08,0.08,-4.43,-4.43,-4.43
538.77,-4.36,0.07,-4.36,0.07,-0.07,-4.43,-4.43,-4.43
544.16,-4.25,0.18,-4.25,0.18,-0.18,-4.43,-4.43,-4.43
549.60,-4.19,0.24,-4.19,0.24,-0.24,-4.43,-4.43,-4.43
555.10,-4.18,0.25,-4.18,0.25,-0.25,-4.43,-4.43,-4.43
560.65,-4.15,0.28,-4.15,0.28,-0.28,-4.43,-4.43,-4.43
566.25,-4.06,0.37,-4.06,0.37,-0.37,-4.43,-4.43,-4.43
571.92,-3.94,0.49,-3.94,0.49,-0.49,-4.43,-4.43,-4.43
577.64,-3.87,0.56,-3.87,0.56,-0.56,-4.43,-4.43,-4.43
583.41,-3.94,0.49,-3.94,0.49,-0.49,-4.43,-4.43,-4.43
589.25,-4.10,0.33,-4.10,0.33,-0.33,-4.43,-4.43,-4.43
595.14,-4.23,0.20,-4.23,0.20,-0.20,-4.43,-4.43,-4.43
601.09,-4.30,0.13,-4.30,0.13,-0.13,-4.43,-4.43,-4.43
607.10,-4.33,0.10,-4.33,0.10,-0.10,-4.43,-4.43,-4.43
613.17,-4.43,-0.00,-4.43,-0.00,0.00,-4.43,-4.43,-4.43
619.30,-4.63,-0.20,-4.63,-0.20,0.20,-4.43,-4.43,-4.43
625.50,-4.91,-0.48,-4.91,-0.48,0.48,-4.43,-4.43,-4.43
631.75,-5.21,-0.78,-5.21,-0.78,0.78,-4.43,-4.43,-4.43
638.07,-5.51,-1.08,-5.51,-1.08,1.08,-4.43,-4.43,-4.43
644.45,-5.78,-1.35,-5.78,-1.35,1.35,-4.43,-4.43,-4.43
650.89,-5.99,-1.56,-5.99,-1.56,1.56,-4.43,-4.43,-4.43
657.40,-6.13,-1.70,-6.13,-1.70,1.70,-4.43,-4.43,-4.43
663.98,-6.23,-1.80,-6.23,-1.80,1.80,-4.43,-4.43,-4.43
670.62,-6.30,-1.87,-6.30,-1.87,1.87,-4.43,-4.43,-4.43
677.32,-6.37,-1.94,-6.37,-1.94,1.94,-4.43,-4.43,-4.43
684.10,-6.44,-2.01,-6.44,-2.01,2.01,-4.43,-4.43,-4.43
690.94,-6.54,-2.11,-6.54,-2.11,2.11,-4.43,-4.43,-4.43
697.85,-6.67,-2.24,-6.67,-2.24,2.24,-4.43,-4.43,-4.43
704.83,-6.73,-2.30,-6.73,-2.30,2.30,-4.43,-4.43,-4.43
711.87,-6.62,-2.19,-6.62,-2.19,2.19,-4.43,-4.43,-4.43
718.99,-6.34,-1.91,-6.34,-1.91,1.91,-4.43,-4.43,-4.43
726.18,-5.99,-1.56,-5.99,-1.56,1.56,-4.43,-4.43,-4.43
733.44,-5.68,-1.25,-5.68,-1.25,1.25,-4.43,-4.43,-4.43
740.78,-5.38,-0.95,-5.38,-0.95,0.95,-4.43,-4.43,-4.43
748.19,-5.01,-0.58,-5.01,-0.58,0.58,-4.43,-4.43,-4.43
755.67,-4.59,-0.16,-4.59,-0.16,0.16,-4.43,-4.43,-4.43
763.23,-4.22,0.21,-4.22,0.21,-0.21,-4.43,-4.43,-4.43
770.86,-3.91,0.52,-3.91,0.52,-0.52,-4.43,-4.43,-4.43
778.57,-3.59,0.84,-3.59,0.84,-0.84,-4.43,-4.43,-4.43
786.35,-3.22,1.21,-3.22,1.21,-1.21,-4.43,-4.43,-4.43
794.22,-2.85,1.58,-2.85,1.58,-1.58,-4.43,-4.43,-4.43
802.16,-2.56,1.87,-2.56,1.87,-1.87,-4.43,-4.43,-4.43
810.18,-2.37,2.06,-2.37,2.06,-2.06,-4.43,-4.43,-4.43
818.28,-2.19,2.24,-2.19,2.24,-2.24,-4.43,-4.43,-4.43
826.46,-1.98,2.45,-1.98,2.45,-2.45,-4.43,-4.43,-4.43
834.73,-1.84,2.59,-1.84,2.59,-2.59,-4.43,-4.43,-4.43
843.08,-1.86,2.57,-1.86,2.57,-2.57,-4.43,-4.43,-4.43
851.51,-1.87,2.56,-1.87,2.56,-2.56,-4.43,-4.43,-4.43
860.02,-1.70,2.73,-1.70,2.73,-2.73,-4.43,-4.43,-4.43
868.62,-1.46,2.97,-1.46,2.97,-2.97,-4.43,-4.43,-4.43
877.31,-1.35,3.08,-1.35,3.08,-3.08,-4.43,-4.43,-4.43
886.08,-1.25,3.18,-1.25,3.18,-3.18,-4.43,-4.43,-4.43
894.94,-1.02,3.41,-1.02,3.41,-3.41,-4.43,-4.43,-4.43
903.89,-0.74,3.69,-0.74,3.69,-3.69,-4.43,-4.43,-4.43
912.93,-0.60,3.83,-0.60,3.83,-3.83,-4.43,-4.43,-4.43
922.06,-0.54,3.89,-0.54,3.89,-3.89,-4.43,-4.43,-4.43
931.28,-0.45,3.98,-0.45,3.98,-3.98,-4.43,-4.43,-4.43
940.59,-0.35,4.08,-0.35,4.08,-4.08,-4.43,-4.43,-4.43
950.00,-0.31,4.12,-0.31,4.12,-4.12,-4.43,-4.43,-4.43
959.50,-0.25,4.18,-0.25,4.18,-4.18,-4.43,-4.43,-4.43
969.09,-0.11,4.32,-0.11,4.32,-4.32,-4.43,-4.43,-4.43
978.78,-0.00,4.43,-0.00,4.43,-4.43,-4.43,-4.43,-4.43
988.57,-0.04,4.39,-0.04,4.39,-4.39,-4.43,-4.43,-4.43
998.46,-0.03,4.40,-0.03,4.40,-4.40,-4.43,-4.43,-4.43
1008.44,0.17,4.60,0.17,4.60,-4.60,-4.43,-4.43,-4.43
1018.53,0.30,4.73,0.30,4.73,-4.73,-4.43,-4.43,-4.43
1028.71,0.23,4.66,0.23,4.66,-4.66,-4.43,-4.43,-4.43
1039.00,0.31,4.74,0.31,4.74,-4.74,-4.43,-4.43,-4.43
1049.39,0.43,4.86,0.43,4.86,-4.86,-4.43,-4.43,-4.43
1059.88,0.33,4.76,0.33,4.76,-4.76,-4.43,-4.43,-4.43
1070.48,0.36,4.79,0.36,4.79,-4.79,-4.43,-4.43,-4.43
1081.19,0.34,4.77,0.34,4.77,-4.77,-4.43,-4.43,-4.43
1092.00,0.23,4.66,0.23,4.66,-4.66,-4.43,-4.43,-4.43
1102.92,0.47,4.90,0.47,4.90,-4.90,-4.43,-4.43,-4.43
1113.95,0.68,5.11,0.68,5.11,-5.11,-4.43,-4.43,-4.43
1125.09,0.75,5.18,0.75,5.18,-5.18,-4.43,-4.43,-4.43
1136.34,1.03,5.46,1.03,5.46,-5.46,-4.43,-4.43,-4.43
1147.70,1.06,5.49,1.06,5.49,-5.49,-4.43,-4.43,-4.43
1159.18,1.28,5.71,1.28,5.71,-5.71,-4.43,-4.43,-4.43
1170.77,1.63,6.06,1.63,6.06,-6.06,-4.43,-4.43,-4.43
1182.48,1.48,5.91,1.48,5.91,-5.91,-4.43,-4.43,-4.43
1194.30,1.74,6.17,1.74,6.17,-6.17,-4.43,-4.43,-4.43
1206.25,2.12,6.55,2.12,6.55,-6.55,-4.43,-4.43,-4.43
1218.31,2.29,6.72,2.29,6.72,-6.72,-4.43,-4.43,-4.43
1230.49,2.79,7.22,2.79,7.22,-7.22,-4.43,-4.43,-4.43
1242.80,2.92,7.35,2.92,7.35,-7.35,-4.43,-4.43,-4.43
1255.22,3.04,7.47,3.04,7.47,-7.47,-4.43,-4.43,-4.43
1267.78,3.47,7.90,3.47,7.90,-7.90,-4.43,-4.43,-4.43
1280.45,3.45,7.88,3.45,7.88,-7.88,-4.43,-4.43,-4.43
1293.26,3.53,7.96,3.53,7.96,-7.96,-4.43,-4.43,-4.43
1306.19,3.70,8.13,3.70,8.13,-8.13,-4.43,-4.43,-4.43
1319.25,3.82,8.25,3.82,8.25,-8.25,-4.43,-4.43,-4.43
1332.45,4.04,8.47,4.04,8.47,-8.47,-4.43,-4.43,-4.43
1345.77,4.06,8.49,4.06,8.49,-8.49,-4.43,-4.43,-4.43
1359.23,4.02,8.45,4.02,8.45,-8.45,-4.43,-4.43,-4.43
1372.82,4.15,8.58,4.15,8.58,-8.58,-4.43,-4.43,-4.43
1386.55,4.08,8.51,4.08,8.51,-8.51,-4.43,-4.43,-4.43
1400.41,4.00,8.43,4.00,8.43,-8.43,-4.43,-4.43,-4.43
1414.42,3.95,8.38,3.95,8.38,-8.38,-4.43,-4.43,-4.43
1428.56,3.86,8.29,3.86,8.29,-8.29,-4.43,-4.43,-4.43
1442.85,3.77,8.20,3.77,8.20,-8.20,-4.43,-4.43,-4.43
1457.28,3.59,8.02,3.59,8.02,-8.02,-4.43,-4.43,-4.43
1471.85,3.59,8.02,3.59,8.02,-8.02,-4.43,-4.43,-4.43
1486.57,3.62,8.05,3.62,8.05,-8.05,-4.43,-4.43,-4.43
1501.43,3.57,8.00,3.57,8.00,-8.00,-4.43,-4.43,-4.43
1516.45,3.62,8.05,3.62,8.05,-8.05,-4.43,-4.43,-4.43
1531.61,3.64,8.07,3.64,8.07,-8.07,-4.43,-4.43,-4.43
1546.93,3.64,8.07,3.64,8.07,-8.07,-4.43,-4.43,-4.43
1562.40,3.56,7.99,3.56,7.99,-7.99,-4.43,-4.43,-4.43
1578.02,3.68,8.11,3.68,8.11,-8.11,-4.43,-4.43,-4.43
1593.80,3.66,8.09,3.66,8.09,-8.09,-4.43,-4.43,-4.43
1609.74,3.68,8.11,3.68,8.11,-8.11,-4.43,-4.43,-4.43
1625.84,3.70,8.13,3.70,8.13,-8.13,-4.43,-4.43,-4.43
1642.10,3.73,8.16,3.73,8.16,-8.16,-4.43,-4.43,-4.43
1658.52,3.59,8.02,3.59,8.02,-8.02,-4.43,-4.43,-4.43
1675.10,3.65,8.08,3.65,8.08,-8.08,-4.43,-4.43,-4.43
1691.85,3.59,8.02,3.59,8.02,-8.02,-4.43,-4.43,-4.43
1708.77,3.47,7.90,3.47,7.90,-7.90,-4.43,-4.43,-4.43
1725.86,3.41,7.84,3.41,7.84,-7.84,-4.43,-4.43,-4.43
1743.12,3.30,7.73,3.30,7.73,-7.73,-4.43,-4.43,-4.43
1760.55,3.16,7.59,3.16,7.59,-7.59,-4.43,-4.43,-4.43
1778.15,3.11,7.54,3.11,7.54,-7.54,-4.43,-4.43,-4.43
1795.94,3.16,7.59,3.16,7.59,-7.59,-4.43,-4.43,-4.43
1813.90,3.03,7.46,3.03,7.46,-7.46,-4.43,-4.43,-4.43
1832.03,2.77,7.20,2.77,7.20,-7.20,-4.43,-4.43,-4.43
1850.36,2.73,7.16,2.73,7.16,-7.16,-4.43,-4.43,-4.43
1868.86,2.36,6.79,2.36,6.79,-6.79,-4.43,-4.43,-4.43
1887.55,2.22,6.65,2.22,6.65,-6.65,-4.43,-4.43,-4.43
1906.42,1.97,6.40,1.97,6.40,-6.40,-4.43,-4.43,-4.43
1925.49,1.85,6.28,1.85,6.28,-6.28,-4.43,-4.43,-4.43
1944.74,1.73,6.16,1.73,6.16,-6.16,-4.43,-4.43,-4.43
1964.19,1.57,6.00,1.57,6.00,-6.00,-4.43,-4.43,-4.43
1983.83,1.44,5.87,1.44,5.87,-5.87,-4.43,-4.43,-4.43
2003.67,1.23,5.66,1.23,5.66,-5.66,-4.43,-4.43,-4.43
2023.71,1.20,5.63,1.20,5.63,-5.63,-4.43,-4.43,-4.43
2043.94,0.96,5.39,0.96,5.39,-5.39,-4.43,-4.43,-4.43
2064.38,0.99,5.42,0.99,5.42,-5.42,-4.43,-4.43,-4.43
2085.03,1.03,5.46,1.03,5.46,-5.46,-4.43,-4.43,-4.43
2105.88,0.90,5.33,0.90,5.33,-5.33,-4.43,-4.43,-4.43
2126.94,0.95,5.38,0.95,5.38,-5.38,-4.43,-4.43,-4.43
2148.20,0.85,5.28,0.85,5.28,-5.28,-4.43,-4.43,-4.43
2169.69,0.92,5.35,0.92,5.35,-5.35,-4.43,-4.43,-4.43
2191.38,1.02,5.45,1.02,5.45,-5.45,-4.43,-4.43,-4.43
2213.30,0.92,5.35,0.92,5.35,-5.35,-4.43,-4.43,-4.43
2235.43,0.92,5.35,0.92,5.35,-5.35,-4.43,-4.43,-4.43
2257.78,0.85,5.28,0.85,5.28,-5.28,-4.43,-4.43,-4.43
2280.36,0.71,5.14,0.71,5.14,-5.14,-4.43,-4.43,-4.43
2303.17,0.55,4.98,0.55,4.98,-4.98,-4.43,-4.43,-4.43
2326.20,0.41,4.84,0.41,4.84,-4.84,-4.43,-4.43,-4.43
2349.46,0.22,4.65,0.22,4.65,-4.65,-4.43,-4.43,-4.43
2372.95,0.10,4.53,0.10,4.53,-4.53,-4.43,-4.43,-4.43
2396.68,-0.06,4.37,-0.06,4.37,-4.37,-4.43,-4.43,-4.43
2420.65,-0.01,4.42,-0.01,4.42,-4.42,-4.43,-4.43,-4.43
2444.86,0.16,4.59,0.16,4.59,-4.59,-4.43,-4.43,-4.43
2469.31,0.32,4.75,0.32,4.75,-4.75,-4.43,-4.43,-4.43
2494.00,0.49,4.92,0.49,4.92,-4.92,-4.43,-4.43,-4.43
2518.94,0.72,5.15,0.72,5.15,-5.15,-4.43,-4.43,-4.43
2544.13,0.95,5.38,0.95,5.38,-5.38,-4.43,-4.43,-4.43
2569.57,1.03,5.46,1.03,5.46,-5.46,-4.43,-4.43,-4.43
2595.27,1.16,5.59,1.16,5.59,-5.59,-4.43,-4.43,-4.43
2621.22,1.26,5.69,1.26,5.69,-5.69,-4.43,-4.43,-4.43
2647.43,1.37,5.80,1.37,5.80,-5.80,-4.43,-4.43,-4.43
2673.90,1.38,5.81,1.38,5.81,-5.81,-4.43,-4.43,-4.43
2700.64,1.39,5.82,1.39,5.82,-5.82,-4.43,-4.43,-4.43
2727.65,1.29,5.72,1.29,5.72,-5.72,-4.43,-4.43,-4.43
2754.93,1.19,5.62,1.19,5.62,-5.62,-4.43,-4.43,-4.43
2782.48,1.32,5.75,1.32,5.75,-5.75,-4.43,-4.43,-4.43
2810.30,1.43,5.86,1.43,5.86,-5.86,-4.43,-4.43,-4.43
2838.40,1.64,6.07,1.64,6.07,-6.07,-4.43,-4.43,-4.43
2866.79,1.98,6.41,1.98,6.41,-6.41,-4.43,-4.43,-4.43
2895.46,2.22,6.65,2.22,6.65,-6.65,-4.43,-4.43,-4.43
2924.41,2.43,6.86,2.43,6.86,-6.86,-4.43,-4.43,-4.43
2953.65,2.70,7.13,2.70,7.13,-7.13,-4.43,-4.43,-4.43
2983.19,2.91,7.34,2.91,7.34,-7.34,-4.43,-4.43,-4.43
3013.02,3.05,7.48,3.05,7.48,-7.48,-4.43,-4.43,-4.43
3043.15,3.31,7.74,3.31,7.74,-7.74,-4.43,-4.43,-4.43
3073.58,3.29,7.72,3.29,7.72,-7.72,-4.43,-4.43,-4.43
3104.32,3.43,7.86,3.43,7.86,-7.86,-4.43,-4.43,-4.43
3135.36,3.38,7.81,3.38,7.81,-7.81,-4.43,-4.43,-4.43
3166.72,3.33,7.76,3.33,7.76,-7.76,-4.43,-4.43,-4.43
3198.38,3.37,7.80,3.37,7.80,-7.80,-4.43,-4.43,-4.43
3230.37,3.44,7.87,3.44,7.87,-7.87,-4.43,-4.43,-4.43
3262.67,3.38,7.81,3.38,7.81,-7.81,-4.43,-4.43,-4.43
3295.30,3.46,7.89,3.46,7.89,-7.89,-4.43,-4.43,-4.43
3328.25,3.55,7.98,3.55,7.98,-7.98,-4.43,-4.43,-4.43
3361.53,3.71,8.14,3.71,8.14,-8.14,-4.43,-4.43,-4.43
3395.15,3.77,8.20,3.77,8.20,-8.20,-4.43,-4.43,-4.43
3429.10,3.75,8.18,3.75,8.18,-8.18,-4.43,-4.43,-4.43
3463.39,3.80,8.23,3.80,8.23,-8.23,-4.43,-4.43,-4.43
3498.03,3.71,8.14,3.71,8.14,-8.14,-4.43,-4.43,-4.43
3533.01,3.78,8.21,3.78,8.21,-8.21,-4.43,-4.43,-4.43
3568.34,3.77,8.20,3.77,8.20,-8.20,-4.43,-4.43,-4.43
3604.02,3.75,8.18,3.75,8.18,-8.18,-4.43,-4.43,-4.43
3640.06,3.83,8.26,3.83,8.26,-8.26,-4.43,-4.43,-4.43
3676.46,3.86,8.29,3.86,8.29,-8.29,-4.43,-4.43,-4.43
3713.22,3.97,8.40,3.97,8.40,-8.40,-4.43,-4.43,-4.43
3750.36,4.01,8.44,4.01,8.44,-8.44,-4.43,-4.43,-4.43
3787.86,4.19,8.62,4.19,8.62,-8.62,-4.43,-4.43,-4.43
3825.74,4.26,8.69,4.26,8.69,-8.69,-4.43,-4.43,-4.43
3864.00,4.56,8.99,4.56,8.99,-8.99,-4.43,-4.43,-4.43
3902.64,4.65,9.08,4.65,9.08,-9.08,-4.43,-4.43,-4.43
3941.66,4.93,9.36,4.93,9.36,-9.36,-4.43,-4.43,-4.43
3981.08,5.04,9.47,5.04,9.47,-9.47,-4.43,-4.43,-4.43
4020.89,5.35,9.78,5.35,9.78,-9.78,-4.43,-4.43,-4.43
4061.10,5.59,10.02,5.59,10.02,-10.02,-4.43,-4.43,-4.43
4101.71,6.01,10.44,6.01,10.44,-10.44,-4.43,-4.43,-4.43
4142.73,6.29,10.72,6.29,10.72,-10.72,-4.43,-4.43,-4.43
4184.15,6.52,10.95,6.52,10.95,-10.95,-4.43,-4.43,-4.43
4226.00,6.96,11.39,6.96,11.39,-11.39,-4.43,-4.43,-4.43
4268.26,7.24,11.67,7.24,11.67,-11.67,-4.43,-4.43,-4.43
4310.94,7.26,11.69,7.26,11.69,-11.69,-4.43,-4.43,-4.43
4354.05,7.46,11.89,7.46,11.89,-11.89,-4.43,-4.43,-4.43
4397.59,7.58,12.01,7.58,12.01,-12.01,-4.43,-4.43,-4.43
4441.56,7.50,11.93,7.50,11.93,-11.93,-4.43,-4.43,-4.43
4485.98,7.49,11.92,7.49,11.92,-11.92,-4.43,-4.43,-4.43
4530.84,7.53,11.96,7.53,11.96,-11.96,-4.43,-4.43,-4.43
4576.15,7.61,12.04,7.61,12.04,-12.04,-4.43,-4.43,-4.43
4621.91,7.64,12.07,7.64,12.07,-12.07,-4.43,-4.43,-4.43
4668.13,7.63,12.06,7.63,12.06,-12.06,-4.43,-4.43,-4.43
4714.81,7.63,12.06,7.63,12.06,-12.06,-4.43,-4.43,-4.43
4761.96,7.64,12.07,7.64,12.07,-12.07,-4.43,-4.43,-4.43
4809.58,7.55,11.98,7.55,11.98,-11.98,-4.43,-4.43,-4.43
4857.67,7.38,11.81,7.38,11.81,-11.81,-4.43,-4.43,-4.43
4906.25,7.21,11.64,7.21,11.64,-11.64,-4.43,-4.43,-4.43
4955.31,6.96,11.39,6.96,11.39,-11.39,-4.43,-4.43,-4.43
5004.87,6.73,11.16,6.73,11.16,-11.16,-4.43,-4.43,-4.43
5054.91,6.45,10.88,6.45,10.88,-10.88,-4.43,-4.43,-4.43
5105.46,6.29,10.72,6.29,10.72,-10.72,-4.43,-4.43,-4.43
5156.52,5.91,10.34,5.91,10.34,-10.34,-4.43,-4.43,-4.43
5208.08,5.82,10.25,5.82,10.25,-10.25,-4.43,-4.43,-4.43
5260.16,5.50,9.93,5.50,9.93,-9.93,-4.43,-4.43,-4.43
5312.77,5.47,9.90,5.47,9.90,-9.90,-4.43,-4.43,-4.43
5365.89,5.20,9.63,5.20,9.63,-9.63,-4.43,-4.43,-4.43
5419.55,4.99,9.42,4.99,9.42,-9.42,-4.43,-4.43,-4.43
5473.75,4.79,9.22,4.79,9.22,-9.22,-4.43,-4.43,-4.43
5528.49,4.51,8.94,4.51,8.94,-8.94,-4.43,-4.43,-4.43
5583.77,4.22,8.65,4.22,8.65,-8.65,-4.43,-4.43,-4.43
5639.61,4.06,8.49,4.06,8.49,-8.49,-4.43,-4.43,-4.43
5696.00,3.89,8.32,3.89,8.32,-8.32,-4.43,-4.43,-4.43
5752.96,3.79,8.22,3.79,8.22,-8.22,-4.43,-4.43,-4.43
5810.49,3.52,7.95,3.52,7.95,-7.95,-4.43,-4.43,-4.43
5868.60,3.35,7.78,3.35,7.78,-7.78,-4.43,-4.43,-4.43
5927.28,3.17,7.60,3.17,7.60,-7.60,-4.43,-4.43,-4.43
5986.56,3.00,7.43,3.00,7.43,-7.43,-4.43,-4.43,-4.43
6046.42,2.87,7.30,2.87,7.30,-7.30,-4.43,-4.43,-4.43
6106.89,2.83,7.26,2.83,7.26,-7.26,-4.43,-4.43,-4.43
6167.96,2.71,7.14,2.71,7.14,-7.14,-4.43,-4.43,-4.43
6229.64,2.64,7.07,2.64,7.07,-7.07,-4.43,-4.43,-4.43
6291.93,2.61,7.04,2.61,7.04,-7.04,-4.43,-4.43,-4.43
6354.85,2.52,6.95,2.52,6.95,-6.95,-4.43,-4.43,-4.43
6418.40,2.36,6.79,2.36,6.79,-6.79,-4.43,-4.43,-4.43
6482.58,2.35,6.78,2.35,6.78,-6.78,-4.43,-4.43,-4.43
6547.41,2.37,6.80,2.37,6.80,-6.80,-4.43,-4.43,-4.43
6612.88,2.40,6.83,2.40,6.83,-6.83,-4.43,-4.43,-4.43
6679.01,2.47,6.90,2.47,6.90,-6.90,-4.43,-4.43,-4.43
6745.80,2.51,6.94,2.51,6.94,-6.94,-4.43,-4.43,-4.43
6813.26,2.46,6.89,2.46,6.89,-6.89,-4.43,-4.43,-4.43
6881.39,2.43,6.86,2.43,6.86,-6.86,-4.43,-4.43,-4.43
6950.21,2.42,6.85,2.42,6.85,-6.85,-4.43,-4.43,-4.43
7019.71,2.50,6.93,2.50,6.93,-6.93,-4.43,-4.43,-4.43
7089.91,2.45,6.88,2.45,6.88,-6.88,-4.43,-4.43,-4.43
7160.81,2.53,6.96,2.53,6.96,-6.96,-4.43,-4.43,-4.43
7232.41,2.75,7.18,2.75,7.18,-7.18,-4.43,-4.43,-4.43
7304.74,2.94,7.37,2.94,7.37,-7.37,-4.43,-4.43,-4.43
7377.79,3.18,7.61,3.18,7.61,-7.61,-4.43,-4.43,-4.43
7451.56,3.40,7.83,3.40,7.83,-7.83,-4.43,-4.43,-4.43
7526.08,3.56,7.99,3.56,7.99,-7.99,-4.43,-4.43,-4.43
7601.34,3.67,8.10,3.67,8.10,-8.10,-4.43,-4.43,-4.43
7677.35,3.64,8.07,3.64,8.07,-8.07,-4.43,-4.43,-4.43
7754.13,3.69,8.12,3.69,8.12,-8.12,-4.43,-4.43,-4.43
7831.67,3.61,8.04,3.61,8.04,-8.04,-4.43,-4.43,-4.43
7909.98,3.45,7.88,3.45,7.88,-7.88,-4.43,-4.43,-4.43
7989.08,3.16,7.59,3.16,7.59,-7.59,-4.43,-4.43,-4.43
8068.98,2.91,7.34,2.91,7.34,-7.34,-4.43,-4.43,-4.43
8149.67,2.57,7.00,2.57,7.00,-7.00,-4.43,-4.43,-4.43
8231.16,2.36,6.79,2.36,6.79,-6.79,-4.43,-4.43,-4.43
8313.47,2.17,6.60,2.17,6.60,-6.60,-4.43,-4.43,-4.43
8396.61,2.04,6.47,2.04,6.47,-6.47,-4.43,-4.43,-4.43
8480.57,1.88,6.31,1.88,6.31,-6.31,-4.43,-4.43,-4.43
8565.38,1.79,6.22,1.79,6.22,-6.22,-4.43,-4.43,-4.43
8651.03,1.55,5.98,1.55,5.98,-5.98,-4.43,-4.43,-4.43
8737.54,1.41,5.84,1.41,5.84,-5.84,-4.43,-4.43,-4.43
8824.92,1.19,5.62,1.19,5.62,-5.62,-4.43,-4.43,-4.43
8913.17,1.03,5.46,1.03,5.46,-5.46,-4.43,-4.43,-4.43
9002.30,0.91,5.34,0.91,5.34,-5.34,-4.43,-4.43,-4.43
9092.32,0.83,5.26,0.83,5.26,-5.26,-4.43,-4.43,-4.43
9183.25,0.81,5.24,0.81,5.24,-5.24,-4.43,-4.43,-4.43
9275.08,0.93,5.36,0.93,5.36,-5.36,-4.43,-4.43,-4.43
9367.83,1.11,5.54,1.11,5.54,-5.54,-4.43,-4.43,-4.43
9461.51,1.36,5.79,1.36,5.79,-5.79,-4.43,-4.43,-4.43
9556.12,1.67,6.10,1.67,6.10,-6.10,-4.43,-4.43,-4.43
9651.68,1.97,6.40,1.97,6.40,-6.40,-4.43,-4.43,-4.43
9748.20,2.22,6.65,2.22,6.65,-6.65,-4.43,-4.43,-4.43
9845.68,2.43,6.86,2.43,6.86,-6.86,-4.43,-4.43,-4.43
9944.14,2.59,7.02,2.59,7.02,-7.02,-4.43,-4.43,-4.43
10043.58,2.69,7.12,2.69,7.12,-7.12,-4.43,-4.43,-4.43
10144.02,2.86,7.29,2.86,7.29,-7.29,-4.43,-4.43,-4.43
10245.46,3.04,7.47,3.04,7.47,-7.47,-4.43,-4.43,-4.43
10347.91,3.27,7.70,3.27,7.70,-7.70,-4.43,-4.43,-4.43
10451.39,3.58,8.01,3.58,8.01,-8.01,-4.43,-4.43,-4.43
10555.91,3.89,8.32,3.89,8.32,-8.32,-4.43,-4.43,-4.43
10661.46,4.12,8.55,4.12,8.55,-8.55,-4.43,-4.43,-4.43
10768.08,4.32,8.75,4.32,8.75,-8.75,-4.43,-4.43,-4.43
10875.76,4.43,8.86,4.43,8.86,-8.86,-4.43,-4.43,-4.43
10984.52,4.51,8.94,4.51,8.94,-8.94,-4.43,-4.43,-4.43
11094.36,4.50,8.93,4.50,8.93,-8.93,-4.43,-4.43,-4.43
11205.31,4.62,9.05,4.62,9.05,-9.05,-4.43,-4.43,-4.43
11317.36,4.82,9.25,4.82,9.25,-9.25,-4.43,-4.43,-4.43
11430.53,5.13,9.56,5.13,9.56,-9.56,-4.43,-4.43,-4.43
11544.84,5.38,9.81,5.38,9.81,-9.81,-4.43,-4.43,-4.43
11660.29,5.48,9.91,5.48,9.91,-9.91,-4.43,-4.43,-4.43
11776.89,5.51,9.94,5.51,9.94,-9.94,-4.43,-4.43,-4.43
11894.66,5.25,9.68,5.25,9.68,-9.68,-4.43,-4.43,-4.43
12013.60,4.75,9.18,4.75,9.18,-9.18,-4.43,-4.43,-4.43
12133.74,4.28,8.71,4.28,8.71,-8.71,-4.43,-4.43,-4.43
12255.08,3.59,8.02,3.59,8.02,-8.02,-4.43,-4.43,-4.43
12377.63,2.90,7.33,2.90,7.33,-7.33,-4.43,-4.43,-4.43
12501.41,2.09,6.52,2.09,6.52,-6.52,-4.43,-4.43,-4.43
12626.42,1.33,5.76,1.33,5.76,-5.76,-4.43,-4.43,-4.43
12752.68,0.47,4.90,0.47,4.90,-4.90,-4.43,-4.43,-4.43
12880.21,-0.44,3.99,-0.44,3.99,-3.99,-4.43,-4.43,-4.43
13009.01,-1.41,3.02,-1.41,3.02,-3.02,-4.43,-4.43,-4.43
13139.10,-2.51,1.92,-2.51,1.92,-1.92,-4.43,-4.43,-4.43
13270.49,-3.69,0.74,-3.69,0.74,-0.74,-4.43,-4.43,-4.43
13403.20,-4.97,-0.54,-4.97,-0.54,0.54,-4.43,-4.43,-4.43
13537.23,-6.37,-1.94,-6.37,-1.94,1.94,-4.43,-4.43,-4.43
13672.60,-7.78,-3.35,-7.78,-3.35,3.35,-4.43,-4.43,-4.43
13809.33,-8.84,-4.41,-8.84,-4.41,4.41,-4.43,-4.43,-4.43
13947.42,-9.08,-4.65,-9.08,-4.65,4.65,-4.43,-4.43,-4.43
14086.90,-8.65,-4.22,-8.65,-4.22,4.22,-4.43,-4.43,-4.43
14227.77,-7.93,-3.50,-7.93,-3.50,3.50,-4.43,-4.43,-4.43
14370.04,-7.29,-2.86,-7.29,-2.86,2.86,-4.43,-4.43,-4.43
14513.74,-6.95,-2.52,-6.95,-2.52,2.52,-4.43,-4.43,-4.43
14658.88,-7.02,-2.59,-7.02,-2.59,2.59,-4.43,-4.43,-4.43
14805.47,-7.55,-3.12,-7.55,-3.12,3.12,-4.43,-4.43,-4.43
14953.52,-8.46,-4.03,-8.46,-4.03,4.03,-4.43,-4.43,-4.43
15103.06,-9.40,-4.97,-9.40,-4.97,4.97,-4.43,-4.43,-4.43
15254.09,-10.34,-5.91,-10.34,-5.91,5.91,-4.43,-4.43,-4.43
15406.63,-11.20,-6.77,-11.20,-6.77,6.77,-4.43,-4.43,-4.43
15560.70,-12.03,-7.60,-12.03,-7.60,7.60,-4.43,-4.43,-4.43
15716.30,-12.77,-8.34,-12.77,-8.34,8.34,-4.43,-4.43,-4.43
15873.47,-13.28,-8.85,-13.28,-8.85,8.85,-4.43,-4.43,-4.43
16032.20,-13.62,-9.19,-13.62,-9.19,9.19,-4.43,-4.43,-4.43
16192.52,-13.76,-9.33,-13.76,-9.33,9.33,-4.43,-4.43,-4.43
16354.45,-13.76,-9.33,-13.76,-9.33,9.33,-4.43,-4.43,-4.43
16517.99,-13.73,-9.30,-13.73,-9.30,9.30,-4.43,-4.43,-4.43
16683.17,-13.49,-9.06,-13.49,-9.06,9.06,-4.43,-4.43,-4.43
16850.01,-12.97,-8.54,-12.97,-8.54,8.54,-4.43,-4.43,-4.43
17018.51,-12.17,-7.74,-12.17,-7.74,7.74,-4.43,-4.43,-4.43
17188.69,-11.10,-6.67,-11.10,-6.67,6.67,-4.43,-4.43,-4.43
17360.58,-9.87,-5.44,-9.87,-5.44,5.44,-4.43,-4.43,-4.43
17534.18,-8.68,-4.25,-8.68,-4.25,4.25,-4.43,-4.43,-4.43
17709.53,-7.49,-3.06,-7.49,-3.06,3.06,-4.43,-4.43,-4.43
17886.62,-6.30,-1.87,-6.30,-1.87,1.87,-4.43,-4.43,-4.43
18065.49,-5.07,-0.64,-5.07,-0.64,0.64,-4.43,-4.43,-4.43
18246.14,-3.66,0.77,-3.66,0.77,-0.77,-4.43,-4.43,-4.43
18428.60,-2.63,1.80,-2.63,1.80,-1.80,-4.43,-4.43,-4.43
18612.89,-1.85,2.58,-1.85,2.58,-2.58,-4.43,-4.43,-4.43
18799.02,-1.30,3.13,-1.30,3.13,-3.13,-4.43,-4.43,-4.43
18987.01,-0.98,3.45,-0.98,3.45,-3.45,-4.43,-4.43,-4.43
19176.88,-0.66,3.77,-0.66,3.77,-3.77,-4.43,-4.43,-4.43
19368.65,-0.26,4.17,-0.26,4.17,-4.17,-4.43,-4.43,-4.43
19562.33,0.01,4.44,0.01,4.44,-4.44,-4.43,-4.43,-4.43
19757.96,0.37,4.80,0.37,4.80,-4.80,-4.43,-4.43,-4.43
19955.54,0.70,5.13,0.70,5.13,-5.13,-4.43,-4.43,-4.43
20155.09,1.03,5.46,1.03,5.46,-5.46,-4.43,-4.43,-4.43
20356.64,1.36,5.79,1.36,5.79,-5.79,-4.43,-4.43,-4.43
20560.21,1.69,6.12,1.69,6.12,-6.12,-4.43,-4.43,-4.43
20765.81,2.02,6.45,2.02,6.45,-6.45,-4.43,-4.43,-4.43
20973.47,2.35,6.78,2.35,6.78,-6.78,-4.43,-4.43,-4.43
21183.20,2.68,7.11,2.68,7.11,-7.11,-4.43,-4.43,-4.43
21395.04,3.01,7.44,3.01,7.44,-7.44,-4.43,-4.43,-4.43
21608.99,3.34,7.77,3.34,7.77,-7.77,-4.43,-4.43,-4.43
21825.08,3.67,8.10,3.67,8.10,-8.10,-4.43,-4.43,-4.43
